{
  "cli": {
    "appVersionSource": "remote"
  },
  "build": {
    "development": {
      "developmentClient": true,
      "distribution": "internal",
      "android": {
        "buildType": "apk"
      },
      "channel": "development"
    },
    "preview": {
      "distribution": "internal",
      "android": {
        "buildType": "apk"
      },
      "channel": "preview"
    },
    "production": {
      "distribution": "store",
      "autoIncrement": true,
      "channel": "production"
    }
  },
  "submit": {
    "production": {
      "android": {
        "serviceAccountKeyPath": "./google_key.json"
      },
      "ios": {
        "appleId": "rutherles@icloud.com",
        "ascAppId": "1628312577",
        "appleTeamId": "X98NTCUAQA"
      }
    }
  }
}
